[
   {
      "__metadata": {
         "id": "http://vhcala4hci.wdf.sap.corp:50000/sap/opu/odata/sap/ZVP_ICM_DUMMY_SRV/ActivitiesByStatus('E0001')",
         "uri": "http://vhcala4hci.wdf.sap.corp:50000/sap/opu/odata/sap/ZVP_ICM_DUMMY_SRV/ActivitiesByStatus('E0001')",
         "type": "ZVP_ICM_DUMMY_SRV.ActivityByStatus"
      },
      "StatusCode": "E0001",
      "StatusText": "Open",
      "StatusCount": 40
   },
   {
      "__metadata": {
         "id": "http://vhcala4hci.wdf.sap.corp:50000/sap/opu/odata/sap/ZVP_ICM_DUMMY_SRV/ActivitiesByStatus('E0002')",
         "uri": "http://vhcala4hci.wdf.sap.corp:50000/sap/opu/odata/sap/ZVP_ICM_DUMMY_SRV/ActivitiesByStatus('E0002')",
         "type": "ZVP_ICM_DUMMY_SRV.ActivityByStatus"
      },
      "StatusCode": "E0002",
      "StatusText": "In Progress",
      "StatusCount": 10
   },
   {
      "__metadata": {
         "id": "http://vhcala4hci.wdf.sap.corp:50000/sap/opu/odata/sap/ZVP_ICM_DUMMY_SRV/ActivitiesByStatus('E0003')",
         "uri": "http://vhcala4hci.wdf.sap.corp:50000/sap/opu/odata/sap/ZVP_ICM_DUMMY_SRV/ActivitiesByStatus('E0003')",
         "type": "ZVP_ICM_DUMMY_SRV.ActivityByStatus"
      },
      "StatusCode": "E0003",
      "StatusText": "On Hold",
      "StatusCount": 14
   },
   {
      "__metadata": {
         "id": "http://vhcala4hci.wdf.sap.corp:50000/sap/opu/odata/sap/ZVP_ICM_DUMMY_SRV/ActivitiesByStatus('E0004')",
         "uri": "http://vhcala4hci.wdf.sap.corp:50000/sap/opu/odata/sap/ZVP_ICM_DUMMY_SRV/ActivitiesByStatus('E0004')",
         "type": "ZVP_ICM_DUMMY_SRV.ActivityByStatus"
      },
      "StatusCode": "E0004",
      "StatusText": "Awaiting Further Information",
      "StatusCount": 26
   },
   {
      "__metadata": {
         "id": "http://vhcala4hci.wdf.sap.corp:50000/sap/opu/odata/sap/ZVP_ICM_DUMMY_SRV/ActivitiesByStatus('E0005')",
         "uri": "http://vhcala4hci.wdf.sap.corp:50000/sap/opu/odata/sap/ZVP_ICM_DUMMY_SRV/ActivitiesByStatus('E0005')",
         "type": "ZVP_ICM_DUMMY_SRV.ActivityByStatus"
      },
      "StatusCode": "E0005",
      "StatusText": "Not Actioned",
      "StatusCount": 5
   },
   {
      "__metadata": {
         "id": "http://vhcala4hci.wdf.sap.corp:50000/sap/opu/odata/sap/ZVP_ICM_DUMMY_SRV/ActivitiesByStatus('E0006')",
         "uri": "http://vhcala4hci.wdf.sap.corp:50000/sap/opu/odata/sap/ZVP_ICM_DUMMY_SRV/ActivitiesByStatus('E0006')",
         "type": "ZVP_ICM_DUMMY_SRV.ActivityByStatus"
      },
      "StatusCode": "E0006",
      "StatusText": "Escalated",
      "StatusCount": 4
   },
   {
      "__metadata": {
         "id": "http://vhcala4hci.wdf.sap.corp:50000/sap/opu/odata/sap/ZVP_ICM_DUMMY_SRV/ActivitiesByStatus('E0007')",
         "uri": "http://vhcala4hci.wdf.sap.corp:50000/sap/opu/odata/sap/ZVP_ICM_DUMMY_SRV/ActivitiesByStatus('E0007')",
         "type": "ZVP_ICM_DUMMY_SRV.ActivityByStatus"
      },
      "StatusCode": "E0007",
      "StatusText": "In Finalisation",
      "StatusCount": 23
   }
]