[{
	"__metadata": {
		"id": "http://vhcala4hci.wdf.sap.corp:50000/sap/opu/odata/sap/ZVP_ICM_DUMMY_SRV/CasesNotAssigned(1)",
		"uri": "http://vhcala4hci.wdf.sap.corp:50000/sap/opu/odata/sap/ZVP_ICM_DUMMY_SRV/CasesNotAssigned(1)",
		"type": "ZVP_ICM_DUMMY_SRV.CaseNotAssigned"
	},
	"CaseId": 1,
	"CaseType": "0002",
	"CaseTypeDescription": "Accident",
	"CreatedOn": "/Date(1464789600000)/"
}, {
	"__metadata": {
		"id": "http://vhcala4hci.wdf.sap.corp:50000/sap/opu/odata/sap/ZVP_ICM_DUMMY_SRV/CasesNotAssigned(3)",
		"uri": "http://vhcala4hci.wdf.sap.corp:50000/sap/opu/odata/sap/ZVP_ICM_DUMMY_SRV/CasesNotAssigned(3)",
		"type": "ZVP_ICM_DUMMY_SRV.CaseNotAssigned"
	},
	"CaseId": 3,
	"CaseType": "0002",
	"CaseTypeDescription": "Accident",
	"CreatedOn": "/Date(1496664000000)/"
}]