 [{
 	"__metadata": {
 		"id": "http://vhcala4hci.wdf.sap.corp:50000/sap/opu/odata/sap/ZVP_ICM_DUMMY_SRV/CasesBySources('0001')",
 		"uri": "http://vhcala4hci.wdf.sap.corp:50000/sap/opu/odata/sap/ZVP_ICM_DUMMY_SRV/CasesBySources('0001')",
 		"type": "ZVP_ICM_DUMMY_SRV.CasesBySource"
 	},
 	"CaseSourceType": "0001",
 	"CaseSourceDescription": "Inbound Phone Call",
 	"Sourcecount": 7
 }, {
 	"__metadata": {
 		"id": "http://vhcala4hci.wdf.sap.corp:50000/sap/opu/odata/sap/ZVP_ICM_DUMMY_SRV/CasesBySources('0002')",
 		"uri": "http://vhcala4hci.wdf.sap.corp:50000/sap/opu/odata/sap/ZVP_ICM_DUMMY_SRV/CasesBySources('0002')",
 		"type": "ZVP_ICM_DUMMY_SRV.CasesBySource"
 	},
	"CaseSourceType": "0002",
 	"CaseSourceDescription": "E-Mail",
 	"Sourcecount": 3
 }, {
 	"__metadata": {
 		"id": "http://vhcala4hci.wdf.sap.corp:50000/sap/opu/odata/sap/ZVP_ICM_DUMMY_SRV/CasesBySources('0003')",
 		"uri": "http://vhcala4hci.wdf.sap.corp:50000/sap/opu/odata/sap/ZVP_ICM_DUMMY_SRV/CasesBySources('0003')",
 		"type": "ZVP_ICM_DUMMY_SRV.CasesBySource"
 	},
 	"CaseSourceType": "0003",
 	"CaseSourceDescription": "Form Submission",
	"Sourcecoun": 5
 }]