[
   {
      "__metadata": {
         "id": "http://vhcala4hci.wdf.sap.corp:50000/sap/opu/odata/sap/ZVP_ICM_DUMMY_SRV/CaseDiversityMeasures(10)",
         "uri": "http://vhcala4hci.wdf.sap.corp:50000/sap/opu/odata/sap/ZVP_ICM_DUMMY_SRV/CaseDiversityMeasures(10)",
         "type": "ZVP_ICM_DUMMY_SRV.CaseDiversityMeasure"
      },
      "AgeBracket": 10,
      "AgeBracketTxt": "Under 20",
      "MaleCount": "  1",
      "FemaleCount": "  0",
      "NsCount": "  0",
      "TotalCases": "  1"
   },
   {
      "__metadata": {
         "id": "http://vhcala4hci.wdf.sap.corp:50000/sap/opu/odata/sap/ZVP_ICM_DUMMY_SRV/CaseDiversityMeasures(20)",
         "uri": "http://vhcala4hci.wdf.sap.corp:50000/sap/opu/odata/sap/ZVP_ICM_DUMMY_SRV/CaseDiversityMeasures(20)",
         "type": "ZVP_ICM_DUMMY_SRV.CaseDiversityMeasure"
      },
      "AgeBracket": 20,
      "AgeBracketTxt": "20 to 30",
      "MaleCount": "  3",
      "FemaleCount": "  2",
      "NsCount": "  1",
      "TotalCases": "  6"
   },
   {
      "__metadata": {
         "id": "http://vhcala4hci.wdf.sap.corp:50000/sap/opu/odata/sap/ZVP_ICM_DUMMY_SRV/CaseDiversityMeasures(30)",
         "uri": "http://vhcala4hci.wdf.sap.corp:50000/sap/opu/odata/sap/ZVP_ICM_DUMMY_SRV/CaseDiversityMeasures(30)",
         "type": "ZVP_ICM_DUMMY_SRV.CaseDiversityMeasure"
      },
      "AgeBracket": 30,
      "AgeBracketTxt": "30-40",
      "MaleCount": "  7",
      "FemaleCount": "  3",
      "NsCount": "  2",
      "TotalCases": " 12"
   },
   {
      "__metadata": {
         "id": "http://vhcala4hci.wdf.sap.corp:50000/sap/opu/odata/sap/ZVP_ICM_DUMMY_SRV/CaseDiversityMeasures(40)",
         "uri": "http://vhcala4hci.wdf.sap.corp:50000/sap/opu/odata/sap/ZVP_ICM_DUMMY_SRV/CaseDiversityMeasures(40)",
         "type": "ZVP_ICM_DUMMY_SRV.CaseDiversityMeasure"
      },
      "AgeBracket": 40,
      "AgeBracketTxt": "40-50",
      "MaleCount": " 15",
      "FemaleCount": " 17",
      "NsCount": "  1",
      "TotalCases": " 42"
   },
   {
      "__metadata": {
         "id": "http://vhcala4hci.wdf.sap.corp:50000/sap/opu/odata/sap/ZVP_ICM_DUMMY_SRV/CaseDiversityMeasures(50)",
         "uri": "http://vhcala4hci.wdf.sap.corp:50000/sap/opu/odata/sap/ZVP_ICM_DUMMY_SRV/CaseDiversityMeasures(50)",
         "type": "ZVP_ICM_DUMMY_SRV.CaseDiversityMeasure"
      },
      "AgeBracket": 50,
      "AgeBracketTxt": "50-60",
      "MaleCount": "  5",
      "FemaleCount": "  0",
      "NsCount": "  0",
      "TotalCases": "  5"
   },
   {
      "__metadata": {
         "id": "http://vhcala4hci.wdf.sap.corp:50000/sap/opu/odata/sap/ZVP_ICM_DUMMY_SRV/CaseDiversityMeasures(60)",
         "uri": "http://vhcala4hci.wdf.sap.corp:50000/sap/opu/odata/sap/ZVP_ICM_DUMMY_SRV/CaseDiversityMeasures(60)",
         "type": "ZVP_ICM_DUMMY_SRV.CaseDiversityMeasure"
      },
      "AgeBracket": 60,
      "AgeBracketTxt": "60-70",
      "MaleCount": "  0",
      "FemaleCount": "  2",
      "NsCount": "  0",
      "TotalCases": "  2"
   }
]