[
   {
      "__metadata": {
         "id": "http://vhcala4hci.wdf.sap.corp:50000/sap/opu/odata/sap/ZVP_ICM_DUMMY_SRV/CasesPerMonth('04')",
         "uri": "http://vhcala4hci.wdf.sap.corp:50000/sap/opu/odata/sap/ZVP_ICM_DUMMY_SRV/CasesPerMonth('04')",
         "type": "ZVP_ICM_DUMMY_SRV.CasePerMonth"
      },
      "Casemonth": "04",
      "Monthtext": "APR",
      "Monthlycasecount": 3
   },
   {
      "__metadata": {
         "id": "http://vhcala4hci.wdf.sap.corp:50000/sap/opu/odata/sap/ZVP_ICM_DUMMY_SRV/CasesPerMonth('05')",
         "uri": "http://vhcala4hci.wdf.sap.corp:50000/sap/opu/odata/sap/ZVP_ICM_DUMMY_SRV/CasesPerMonth('05')",
         "type": "ZVP_ICM_DUMMY_SRV.CasePerMonth"
      },
      "Casemonth": "05",
      "Monthtext": "MAY",
      "Monthlycasecount": 4
   },
   {
      "__metadata": {
         "id": "http://vhcala4hci.wdf.sap.corp:50000/sap/opu/odata/sap/ZVP_ICM_DUMMY_SRV/CasesPerMonth('06')",
         "uri": "http://vhcala4hci.wdf.sap.corp:50000/sap/opu/odata/sap/ZVP_ICM_DUMMY_SRV/CasesPerMonth('06')",
         "type": "ZVP_ICM_DUMMY_SRV.CasePerMonth"
      },
      "Casemonth": "06",
      "Monthtext": "JUN",
      "Monthlycasecount": 6
   }
]