<edmx:Edmx xmlns:edmx="http://docs.oasis-open.org/odata/ns/edmx" Version="4.0">
	<edmx:Reference xmlns:edmx="http://docs.oasis-open.org/odata/ns/edmx"
		Uri="https://webidecp-i045992trial.dispatcher.hanatrial.ondemand.com/destinations/RMIT_DEMO/sap/hana/rmit/services.xsodata/$metadata">
		<edmx:Include xmlns:edmx="http://docs.oasis-open.org/odata/ns/edmx" Namespace="sap.hana.rmit.services"/>
	</edmx:Reference>
	<edmx:Reference Uri="http://docs.oasis-open.org/odata/odata-data-aggregation-ext/v4.0/cs02/vocabularies/Org.OData.Aggregation.V1.xml">
		<edmx:Include Alias="Aggregation" Namespace="Org.OData.Aggregation.V1"/>
	</edmx:Reference>
	<edmx:Reference Uri="http://docs.oasis-open.org/odata/odata/v4.0/errata03/os/complete/vocabularies/Org.OData.Capabilities.V1.xml">
		<edmx:Include Alias="Capabilities" Namespace="Org.OData.Capabilities.V1"/>
	</edmx:Reference>
	<edmx:Reference Uri="https://wiki.scn.sap.com/wiki/download/attachments/448470974/Common.xml?api=v2">
		<edmx:Include Alias="Common" Namespace="com.sap.vocabularies.Common.v1"/>
	</edmx:Reference>
	<edmx:Reference Uri="https://wiki.scn.sap.com/wiki/download/attachments/448470971/Communication.xml?api=v2">
		<edmx:Include Alias="vCard" Namespace="com.sap.vocabularies.Communication.v1"/>
	</edmx:Reference>
	<edmx:Reference Uri="http://docs.oasis-open.org/odata/odata/v4.0/errata03/os/complete/vocabularies/Org.OData.Core.V1.xml">
		<edmx:Include Alias="Core" Namespace="Org.OData.Core.V1"/>
	</edmx:Reference>
	<edmx:Reference Uri="http://docs.oasis-open.org/odata/odata/v4.0/errata03/os/complete/vocabularies/Org.OData.Measures.V1.xml">
		<edmx:Include Alias="CQP" Namespace="Org.OData.Measures.V1"/>
	</edmx:Reference>
	<edmx:Reference Uri="https://wiki.scn.sap.com/wiki/download/attachments/448470968/UI.xml?api=v2">
		<edmx:Include Alias="UI" Namespace="com.sap.vocabularies.UI.v1"/>
	</edmx:Reference>
	<edmx:DataServices>
		<Schema xmlns="http://docs.oasis-open.org/odata/ns/edm">
			<Annotations Target="sap.hana.rmit.services.EnrollmentsType">
				<Annotation Term="UI.Chart" Qualifier="enrollments">
					<Record Type="UI.ChartDefinitionType">
						<PropertyValue Property="ChartType" EnumMember="UI.ChartType/Line"/>
						<PropertyValue Property="Measures">
							<Collection>
								<PropertyPath>ENROLLMENTS</PropertyPath>
							</Collection>
						</PropertyValue>
						<PropertyValue Property="MeasureAttributes">
							<Collection>
								<Record Type="UI.ChartMeasureAttributeType">
									<PropertyValue Property="Measure" PropertyPath="ENROLLMENTS"/>
								</Record>
							</Collection>
						</PropertyValue>
						<PropertyValue Property="Dimensions">
							<Collection>
								<PropertyPath>ENROLLMENTYEAR</PropertyPath>
							</Collection>
						</PropertyValue>
						<PropertyValue Property="DimensionAttributes">
							<Collection>
								<Record Type="UI.ChartDimensionAttributeType">
									<PropertyValue Property="Dimension" PropertyPath="ENROLLMENTYEAR"/>
								</Record>
							</Collection>
						</PropertyValue>
						<PropertyValue Property="Actions"/>
					</Record>
				</Annotation>
				<Annotation Term="UI.DataPoint" Qualifier="enrollments">
					<Record Type="UI.DataPointType">
						<PropertyValue Property="Title" String="{@i18n&gt;zsap_overviewpage_higher_education_card01_title}"/>
						<PropertyValue Property="Value" Path="TOTALENROLLMENTS"/>
						<PropertyValue Property="TrendCalculation">
							<Record Type="UI.TrendCalculationType">
								<PropertyValue Property="ReferenceValue" Path="TOTALENROLLMENTSLAST"/>
								<PropertyValue Property="UpDifference" Decimal="100"/>
								<PropertyValue Property="StrongUpDifference" Decimal="1000"/>
								<PropertyValue Property="DownDifference" Decimal="100"/>
								<PropertyValue Property="StrongDownDifference" Decimal="1000"/>
							</Record>
						</PropertyValue>
					</Record>
				</Annotation>
			</Annotations>
			<Annotations Target="sap.hana.rmit.services.TopCoursesType">
				<Annotation Term="UI.LineItem" Qualifier="topcourses">
					<Collection>
						<Record Type="UI.DataField">
							<PropertyValue Property="Value" Path="COURSE_NAME"/>
						</Record>
						<Record Type="UI.DataFieldForAnnotation">
							<PropertyValue Property="Target" AnnotationPath="@UI.DataPoint#topcourses"/>
						</Record>
						<Record Type="UI.DataField">
							<PropertyValue Property="Value" Path="COURSE_ENROLLMENTS"/>
						</Record>
					</Collection>
				</Annotation>
				<Annotation Term="UI.DataPoint" Qualifier="topcourses">
					<Record Type="UI.DataPointType">
						<PropertyValue Property="Title" String="Top Courses"/>
						<PropertyValue Property="Value" Path="COURSE_ENROLLMENTS"/>
					</Record>
				</Annotation>
			</Annotations>
			<Annotations Target="sap.hana.rmit.services.TeachingRatiosType">
				<Annotation Term="UI.Chart" Qualifier="TeachingRatios">
					<Record Type="UI.ChartDefinitionType">
						<PropertyValue Property="ChartType" EnumMember="UI.ChartType/ColumnStacked"/>
						<PropertyValue Property="Measures">
							<Collection>
								<PropertyPath>TEACHING_STAFF</PropertyPath>
								<PropertyPath>ADMIN_STAFF</PropertyPath>
							</Collection>
						</PropertyValue>
						<PropertyValue Property="MeasureAttributes">
							<Collection>
								<Record Type="UI.ChartMeasureAttributeType">
									<PropertyValue Property="Measure" PropertyPath="TEACHING_STAFF"/>
								</Record>
								<Record Type="UI.ChartMeasureAttributeType">
									<PropertyValue Property="Measure" PropertyPath="ADMIN_STAFF"/>
								</Record>
							</Collection>
						</PropertyValue>
						<PropertyValue Property="Dimensions">
							<Collection>
								<PropertyPath>TEACHING_YEAR</PropertyPath>
							</Collection>
						</PropertyValue>
						<PropertyValue Property="DimensionAttributes">
							<Collection>
								<Record Type="UI.ChartDimensionAttributeType">
									<PropertyValue Property="Dimension" PropertyPath="TEACHING_YEAR"/>
								</Record>
							</Collection>
						</PropertyValue>
						<PropertyValue Property="Actions"/>
					</Record>
				</Annotation>
			</Annotations>
			<Annotations Target="sap.hana.rmit.services.CompletionRatesType">
				<Annotation Term="UI.LineItem" Qualifier="completion">
					<Collection>
						<Record Type="UI.DataField">
							<PropertyValue Property="Value" Path="NAME"/>
						</Record>
						<Record Type="UI.DataField">
							<PropertyValue Property="Value" Path="RATE"/>
						</Record>
						<Record Type="UI.DataFieldForAnnotation">
							<PropertyValue Property="Target" AnnotationPath="@UI.DataPoint#completion"/>
						</Record>
					</Collection>
				</Annotation>
				<Annotation Term="UI.DataPoint" Qualifier="completion">
					<Record Type="UI.DataPointType">
						<PropertyValue Property="Title" String="Completion Rate"/>
						<PropertyValue Property="Value" Path="RATE"/>
					</Record>
				</Annotation>
				<Annotation Term="UI.DataPoint" Qualifier="completionDataPoint">
					<Record Type="UI.DataPointType">
						<PropertyValue Property="Title" String="This Years Average Completion Rate"/>
						<PropertyValue Property="Value" Path="YEAR_AVERAGE"/>
						<PropertyValue Property="TrendCalculation">
							<Record Type="UI.TrendCalculationType">
								<PropertyValue Property="ReferenceValue" Path="YEAR_AVG_COMP"/>
								<PropertyValue Property="UpDifference" Decimal="2"/>
								<PropertyValue Property="StrongUpDifference" Decimal="5"/>
								<PropertyValue Property="DownDifference" Decimal="-2"/>
								<PropertyValue Property="StrongDownDifference" Decimal="-5"/>
							</Record>
						</PropertyValue>
						<PropertyValue Property="CriticalityCalculation">
							<Record Type="UI.CriticalityCalculationType">
								<PropertyValue Property="ImprovementDirection" EnumMember="UI.ImprovementDirectionType/Maximize"/>
							</Record>
						</PropertyValue>
					</Record>
				</Annotation>
			</Annotations>
			<Annotations Target="sap.hana.rmit.services.CourseRevenuesType">
				<Annotation Term="UI.Chart" Qualifier="revenue">
					<Record Type="UI.ChartDefinitionType">
						<PropertyValue Property="ChartType" EnumMember="UI.ChartType/Column"/>
						<PropertyValue Property="Measures">
							<Collection>
								<PropertyPath>REVENUE</PropertyPath>
							</Collection>
						</PropertyValue>
						<PropertyValue Property="MeasureAttributes">
							<Collection>
								<Record Type="UI.ChartMeasureAttributeType">
									<PropertyValue Property="Measure" PropertyPath="REVENUE"/>
								</Record>
							</Collection>
						</PropertyValue>
						<PropertyValue Property="Dimensions">
							<Collection>
								<PropertyPath>NAME</PropertyPath>
							</Collection>
						</PropertyValue>
						<PropertyValue Property="DimensionAttributes">
							<Collection>
								<Record Type="UI.ChartDimensionAttributeType">
									<PropertyValue Property="Dimension" PropertyPath="NAME"/>
								</Record>
							</Collection>
						</PropertyValue>
						<PropertyValue Property="Actions"/>
					</Record>
				</Annotation>
				<Annotation Term="UI.DataPoint" Qualifier="revenue">
					<Record Type="UI.DataPointType">
						<PropertyValue Property="Title" String="Total Revenue"/>
						<PropertyValue Property="Value" Path="TOTAL_REVENUE"/>
						<PropertyValue Property="TrendCalculation">
							<Record Type="UI.TrendCalculationType">
								<PropertyValue Property="ReferenceValue" Path="TARGET_REVENUE"/>
								<PropertyValue Property="UpDifference" Decimal="10000"/>
								<PropertyValue Property="StrongUpDifference" Decimal="100000"/>
								<PropertyValue Property="DownDifference" Decimal="-10000"/>
								<PropertyValue Property="StrongDownDifference" Decimal="-100000"/>
							</Record>
						</PropertyValue>
						<PropertyValue Property="CriticalityCalculation">
							<Record Type="UI.CriticalityCalculationType">
								<PropertyValue Property="ImprovementDirection" EnumMember="UI.ImprovementDirectionType/Maximize"/>
							</Record>
						</PropertyValue>
					</Record>
				</Annotation>
			</Annotations>
		</Schema>
	</edmx:DataServices>
</edmx:Edmx>