<edmx:Edmx
    xmlns:edmx="http://schemas.microsoft.com/ado/2007/06/edmx"
    xmlns:m="http://schemas.microsoft.com/ado/2007/08/dataservices/metadata"
    xmlns:sap="http://www.sap.com/Protocols/SAPData" Version="1.0">
    <edmx:DataServices m:DataServiceVersion="2.0">
        <Schema
            xmlns="http://schemas.microsoft.com/ado/2008/09/edm" Namespace="ZVP_ICM_DUMMY_SRV" xml:lang="en" sap:schema-version="1">
            <EntityType Name="CaseNotAssigned" sap:content-version="1">
                <Key>
                    <PropertyRef Name="CaseId"/>
                </Key>
                <Property Name="CaseId" Type="Edm.Int32" Nullable="false" sap:label="Case Id" sap:creatable="false" sap:updatable="false" sap:sortable="false" sap:filterable="false"/>
                <Property Name="CaseType" Type="Edm.String" Nullable="false" MaxLength="4" sap:label="Case Type" sap:creatable="false" sap:updatable="false" sap:sortable="false" sap:filterable="false"/>
                <Property Name="CaseTypeDescription" Type="Edm.String" Nullable="false" MaxLength="100" sap:label="Case Type" sap:creatable="false" sap:updatable="false" sap:sortable="false" sap:filterable="false"/>
                <Property Name="CreatedOn" Type="Edm.DateTime" Nullable="false" Precision="0" sap:label="Created On" sap:creatable="false" sap:updatable="false" sap:sortable="false" sap:filterable="false"/>
            </EntityType>
            <EntityType Name="CasesBySource" sap:content-version="1">
                <Key>
                    <PropertyRef Name="CaseSourceType"/>
                </Key>
                <Property Name="CaseSourceType" Type="Edm.String" Nullable="false" MaxLength="4" sap:label="Source Type" sap:creatable="false" sap:updatable="false" sap:sortable="false" sap:filterable="false"/>
                <Property Name="CaseSourceDescription" Type="Edm.String" Nullable="false" MaxLength="100" sap:label="Source Type" sap:creatable="false" sap:updatable="false" sap:sortable="false" sap:filterable="false"/>
                <Property Name="Sourcecount" Type="Edm.Int32" Nullable="false" sap:label="Source Count" sap:creatable="false" sap:updatable="false" sap:sortable="false" sap:filterable="false"/>
            </EntityType>
            <EntityType Name="GenderPerCase" sap:content-version="1">
                <Key>
                    <PropertyRef Name="Gender"/>
                </Key>
                <Property Name="Gender" Type="Edm.String" Nullable="false" MaxLength="6" sap:label="Reserve" sap:creatable="false" sap:updatable="false" sap:sortable="false" sap:filterable="false"/>
                <Property Name="Total" Type="Edm.Int32" Nullable="false" sap:label="Number" sap:creatable="false" sap:updatable="false" sap:sortable="false" sap:filterable="false"/>
            </EntityType>
            <EntityType Name="CaseTodayCount" sap:content-version="1">
                <Key>
                    <PropertyRef Name="CaseType"/>
                    <PropertyRef Name="CaseTypeDescription"/>
                    <PropertyRef Name="Totalcases"/>
                </Key>
                <Property Name="CaseType" Type="Edm.String" Nullable="false" MaxLength="4" sap:label="Case Type" sap:creatable="false" sap:updatable="false" sap:sortable="false" sap:filterable="false"/>
                <Property Name="CaseTypeDescription" Type="Edm.String" Nullable="false" MaxLength="100" sap:label="Case Type" sap:creatable="false" sap:updatable="false" sap:sortable="false" sap:filterable="false"/>
                <Property Name="Totalcases" Type="Edm.Int32" Nullable="false" sap:label="Total Cases" sap:creatable="false" sap:updatable="false" sap:sortable="false" sap:filterable="false"/>
            </EntityType>
            <EntityType Name="CasePerMonth" sap:content-version="1">
                <Key>
                    <PropertyRef Name="Casemonth"/>
                </Key>
                <Property Name="Casemonth" Type="Edm.String" Nullable="false" MaxLength="2" sap:label="Month" sap:creatable="false" sap:updatable="false" sap:sortable="false" sap:filterable="false"/>
                <Property Name="Monthtext" Type="Edm.String" Nullable="false" MaxLength="3" sap:label="Month" sap:creatable="false" sap:updatable="false" sap:sortable="false" sap:filterable="false"/>
                <Property Name="Monthlycasecount" Type="Edm.Int32" Nullable="false" sap:label="Case Count" sap:creatable="false" sap:updatable="false" sap:sortable="false" sap:filterable="false"/>
            </EntityType>
            <EntityType Name="CaseDiversityMeasure" sap:content-version="1">
                <Key>
                    <PropertyRef Name="AgeBracket"/>
                </Key>
                <Property Name="AgeBracket" Type="Edm.Int32" Nullable="false" sap:label="Age Bracket Key" sap:creatable="false" sap:updatable="false" sap:sortable="false" sap:filterable="false"/>
                <Property Name="AgeBracketTxt" Type="Edm.String" Nullable="false" MaxLength="50" sap:label="Age" sap:creatable="false" sap:updatable="false" sap:sortable="false" sap:filterable="false"/>
                <Property Name="MaleCount" Type="Edm.String" Nullable="false" MaxLength="4" sap:label="Male" sap:creatable="false" sap:updatable="false" sap:sortable="false" sap:filterable="false"/>
                <Property Name="FemaleCount" Type="Edm.String" Nullable="false" MaxLength="4" sap:label="Female" sap:creatable="false" sap:updatable="false" sap:sortable="false" sap:filterable="false"/>
                <Property Name="NsCount" Type="Edm.String" Nullable="false" MaxLength="4" sap:label="Other" sap:creatable="false" sap:updatable="false" sap:sortable="false" sap:filterable="false"/>
                <Property Name="TotalCases" Type="Edm.String" Nullable="false" MaxLength="4" sap:label="Total Case Count" sap:creatable="false" sap:updatable="false" sap:sortable="false" sap:filterable="false"/>
            </EntityType>
            <EntityType Name="ActivityByStatus" sap:content-version="1">
                <Key>
                    <PropertyRef Name="StatusCode"/>
                </Key>
                <Property Name="StatusCode" Type="Edm.String" Nullable="false" MaxLength="5" sap:label="Status Code" sap:creatable="false" sap:updatable="false" sap:sortable="false" sap:filterable="false"/>
                <Property Name="StatusText" Type="Edm.String" Nullable="false" MaxLength="100" sap:label="Status" sap:creatable="false" sap:updatable="false" sap:sortable="false" sap:filterable="false"/>
                <Property Name="StatusCount" Type="Edm.Int32" Nullable="false" sap:label="Number of Activities" sap:creatable="false" sap:updatable="false" sap:sortable="false" sap:filterable="false"/>
            </EntityType>
            <EntityType Name="ActivityCountToday" sap:content-version="1">
                <Key>
                    <PropertyRef Name="Activitycount"/>
                </Key>
                <Property Name="Activitycount" Type="Edm.Int32" Nullable="false" sap:label="Activiteis Created Today" sap:creatable="false" sap:updatable="false" sap:sortable="false" sap:filterable="false"/>
            </EntityType>
            <EntityContainer Name="ZVP_ICM_DUMMY_SRV_Entities" m:IsDefaultEntityContainer="true" sap:supported-formats="atom json xlsx">
                <EntitySet Name="CasesNotAssigned" EntityType="ZVP_ICM_DUMMY_SRV.CaseNotAssigned" sap:label="CasesNotAssigned" sap:creatable="false" sap:updatable="false" sap:deletable="false" sap:pageable="false" sap:content-version="1"/>
                <EntitySet Name="CasesBySources" EntityType="ZVP_ICM_DUMMY_SRV.CasesBySource" sap:label="CasesBySources" sap:creatable="false" sap:updatable="false" sap:deletable="false" sap:pageable="false" sap:content-version="1"/>
                <EntitySet Name="GenderPerCaseAggregation" EntityType="ZVP_ICM_DUMMY_SRV.GenderPerCase" sap:creatable="false" sap:updatable="false" sap:deletable="false" sap:pageable="false" sap:content-version="1"/>
                <EntitySet Name="CasesToday" EntityType="ZVP_ICM_DUMMY_SRV.CaseTodayCount" sap:label="Cases Today" sap:creatable="false" sap:updatable="false" sap:deletable="false" sap:pageable="false" sap:content-version="1"/>
                <EntitySet Name="CasesPerMonth" EntityType="ZVP_ICM_DUMMY_SRV.CasePerMonth" sap:label="Cases Per Month" sap:creatable="false" sap:updatable="false" sap:deletable="false" sap:pageable="false" sap:content-version="1"/>
                <EntitySet Name="CaseDiversityMeasures" EntityType="ZVP_ICM_DUMMY_SRV.CaseDiversityMeasure" sap:label="Case Diversity Measures" sap:creatable="false" sap:updatable="false" sap:deletable="false" sap:pageable="false" sap:content-version="1"/>
                <EntitySet Name="ActivitiesByStatus" EntityType="ZVP_ICM_DUMMY_SRV.ActivityByStatus" sap:label="Activities By Status" sap:creatable="false" sap:updatable="false" sap:deletable="false" sap:pageable="false" sap:content-version="1"/>
                <EntitySet Name="ActivitiesCreatedToday" EntityType="ZVP_ICM_DUMMY_SRV.ActivityCountToday" sap:label="Activities Created Today" sap:creatable="false" sap:updatable="false" sap:deletable="false" sap:pageable="false" sap:content-version="1"/>
            </EntityContainer>
            <atom:link
                xmlns:atom="http://www.w3.org/2005/Atom" rel="self" href="./sap/opu/odata/sap/ZVP_ICM_DUMMY_SRV/$metadata"/>
                <atom:link
                    xmlns:atom="http://www.w3.org/2005/Atom" rel="latest-version" href="./sap/opu/odata/sap/ZVP_ICM_DUMMY_SRV/$metadata"/>
                </Schema>
            </edmx:DataServices>
        </edmx:Edmx>