<edmx:Edmx xmlns:edmx="http://docs.oasis-open.org/odata/ns/edmx" Version="4.0">
	<edmx:Reference xmlns:edmx="http://docs.oasis-open.org/odata/ns/edmx" Uri="/zsap_rig_demo_one/webapp/localService/rig_demo/metadata.xml">
		<edmx:Include xmlns:edmx="http://docs.oasis-open.org/odata/ns/edmx" Namespace="ZVP_ICM_DUMMY_SRV"/>
	</edmx:Reference>
	<edmx:Reference Uri="http://docs.oasis-open.org/odata/odata-data-aggregation-ext/v4.0/cs02/vocabularies/Org.OData.Aggregation.V1.xml">
		<edmx:Include Alias="Aggregation" Namespace="Org.OData.Aggregation.V1"/>
	</edmx:Reference>
	<edmx:Reference Uri="http://docs.oasis-open.org/odata/odata/v4.0/errata03/os/complete/vocabularies/Org.OData.Capabilities.V1.xml">
		<edmx:Include Alias="Capabilities" Namespace="Org.OData.Capabilities.V1"/>
	</edmx:Reference>
	<edmx:Reference Uri="https://wiki.scn.sap.com/wiki/download/attachments/448470974/Common.xml?api=v2">
		<edmx:Include Alias="Common" Namespace="com.sap.vocabularies.Common.v1"/>
	</edmx:Reference>
	<edmx:Reference Uri="https://wiki.scn.sap.com/wiki/download/attachments/448470971/Communication.xml?api=v2">
		<edmx:Include Alias="vCard" Namespace="com.sap.vocabularies.Communication.v1"/>
	</edmx:Reference>
	<edmx:Reference Uri="http://docs.oasis-open.org/odata/odata/v4.0/errata03/os/complete/vocabularies/Org.OData.Core.V1.xml">
		<edmx:Include Alias="Core" Namespace="Org.OData.Core.V1"/>
	</edmx:Reference>
	<edmx:Reference Uri="http://docs.oasis-open.org/odata/odata/v4.0/errata03/os/complete/vocabularies/Org.OData.Measures.V1.xml">
		<edmx:Include Alias="CQP" Namespace="Org.OData.Measures.V1"/>
	</edmx:Reference>
	<edmx:Reference Uri="https://wiki.scn.sap.com/wiki/download/attachments/448470968/UI.xml?api=v2">
		<edmx:Include Alias="UI" Namespace="com.sap.vocabularies.UI.v1"/>
	</edmx:Reference>
	<edmx:DataServices>
		<Schema xmlns="http://docs.oasis-open.org/odata/ns/edm">
			<Annotations Target="ZVP_ICM_DUMMY_SRV.CasesBySource">
				<Annotation Term="UI.LineItem" Qualifier="CasesBySource">
					<Collection>
						<Record Type="UI.DataField">
							<PropertyValue Property="Value" Path="CaseSourceDescription"/>
						</Record>
						<Record Type="UI.DataFieldForAnnotation">
							<PropertyValue Property="Target" AnnotationPath="@UI.DataPoint#CasesBySource"/>
						</Record>
					</Collection>
				</Annotation>
				<Annotation Term="UI.DataPoint" Qualifier="CasesBySource">
					<Record Type="UI.DataPointType">
						<PropertyValue Property="Title" Path="CaseSourceDescription"/>
						<PropertyValue Property="Value" Path="Sourcecount"/>
					</Record>
				</Annotation>
			</Annotations>
			<Annotations Target="ZVP_ICM_DUMMY_SRV.CasePerMonth">
				<Annotation Term="UI.Chart" Qualifier="CasesPerMonth">
					<Record Type="UI.ChartDefinitionType">
						<PropertyValue Property="ChartType" EnumMember="UI.ChartType/Line"/>
						<PropertyValue Property="Measures">
							<Collection>
								<PropertyPath>Monthlycasecount</PropertyPath>
							</Collection>
						</PropertyValue>
						<PropertyValue Property="MeasureAttributes">
							<Collection>
								<Record Type="UI.ChartMeasureAttributeType">
									<PropertyValue Property="Measure" PropertyPath="Monthlycasecount"/>
								</Record>
							</Collection>
						</PropertyValue>
						<PropertyValue Property="Dimensions">
							<Collection>
								<PropertyPath>Monthtext</PropertyPath>
							</Collection>
						</PropertyValue>
						<PropertyValue Property="DimensionAttributes">
							<Collection>
								<Record Type="UI.ChartDimensionAttributeType">
									<PropertyValue Property="Dimension" PropertyPath="Monthtext"/>
								</Record>
							</Collection>
						</PropertyValue>
						<PropertyValue Property="Actions"/>
					</Record>
				</Annotation>
			</Annotations>
			<Annotations Target="ZVP_ICM_DUMMY_SRV.ActivityByStatus">
				<Annotation Term="UI.LineItem" Qualifier="ActivitiesByStatus">
					<Collection>
						<Record Type="UI.DataField">
							<PropertyValue Property="Value" Path="StatusText"/>
						</Record>
						<Record Type="UI.DataFieldForAnnotation">
							<PropertyValue Property="Target" AnnotationPath="@UI.DataPoint#ActivitiesByStatus"/>
						</Record>
						<Record Type="UI.DataField">
							<PropertyValue Property="Value" Path="StatusCount"/>
						</Record>
					</Collection>
				</Annotation>
				<Annotation Term="UI.DataPoint" Qualifier="ActivitiesByStatus">
					<Record Type="UI.DataPointType">
						<PropertyValue Property="Title" String="Total Activities"/>
						<PropertyValue Property="Value" Path="StatusCount"/>
						<PropertyValue Property="ValueFormat">
							<Record Type="UI.NumberFormat">
								<PropertyValue Property="NumberOfFractionalDigits" Int="0"/>
							</Record>
						</PropertyValue>
					</Record>
				</Annotation>
			</Annotations>
			<Annotations Target="ZVP_ICM_DUMMY_SRV.ActivityByStatus/StatusCount" Qualifier="ActivitiesByStatus">
				<Annotation Term="Aggregation.Aggregatable" Qualifier="ActivitiesByStatus"/>
			</Annotations>
		</Schema>
	</edmx:DataServices>
</edmx:Edmx>