{
    "application": {
        "id": "",
        "title": "zsap_overviewpage_higher_education.zsap_overviewpage_higher_education",
        "type": "SAP_UI5_Component",
        "componentUrl": "/webapp",
        "appUrl": "#zsap_overviewpage_higher_education-Display",
        "navigationComponentName": "zsap_overviewpage_higher_education",
        "intentSemanticObject": "zsap_overviewpage_higher_education",
        "intentAction": "Display",
        "html5ApplicationName": "zsapoverviewpagehighereduca",
        "HCPParentApplicationName": ""
    },
    "assignment": {
        "groups": [
            "029154f6-324e-4b8f-86d9-56e9f39facb5-1459423338936"
        ],
        "contentPackages": [
            "00000000-0000-2222-0000-00000000"
        ],
        "categories": []
    },
    "tile": {
        "type": "StaticTile",
        "title": "Title",
        "subtitle": "Subtitle",
        "searchKeywords": "Title,Subtitle",
        "displayIconUrl": "sap-icon://approvals",
        "displayInfoText": "",
        "size": "1x1",
        "serviceURL": "",
        "refreshInterval": ""
    }
}