{
  "welcomeFile": "index.html",
  "routes": [
    {
      "path": "/sap/hana/rmit/services.xsodata/",
      "target": {
        "type": "destination",
        "name": "RMIT_DEMO"
      },
      "description": "RMIT Demo OVP on SAP Cloud Platform"
    },
    {
      "path": "/resources",
      "target": {
        "type": "service",
        "name": "sapui5",
        "preferLocal": true,
        "entryPath": "/resources"
      },
      "description": "SAPUI5 Resources"
    },
    {
      "path": "/test-resources",
      "target": {
        "type": "service",
        "name": "sapui5",
        "entryPath": "/test-resources"
      },
      "description": "SAPUI5 Test Resources"
    }
  ]
}