<?xml version="1.0" encoding="utf-8" standalone="yes" ?>
<edmx:Edmx Version="1.0"
    xmlns:edmx="http://schemas.microsoft.com/ado/2007/06/edmx">
    <edmx:DataServices
        xmlns:m="http://schemas.microsoft.com/ado/2007/08/dataservices/metadata" m:DataServiceVersion="2.0">
        <Schema Namespace="sap.hana.rmit.services"
            xmlns:d="http://schemas.microsoft.com/ado/2007/08/dataservices"
            xmlns:m="http://schemas.microsoft.com/ado/2007/08/dataservices/metadata"
            xmlns="http://schemas.microsoft.com/ado/2008/09/edm">
            <EntityType Name="EnrollmentsType">
                <Key>
                    <PropertyRef Name="ENROLLMENTYEAR"/>
                </Key>
                <Property Name="ENROLLMENTYEAR" Type="Edm.String" Nullable="false" MaxLength="4"/>
                <Property Name="ENROLLMENTS" Type="Edm.Int32"/>
                <Property Name="TOTALENROLLMENTS" Type="Edm.Int32"/>
                <Property Name="TOTALENROLLMENTSLAST" Type="Edm.Int32"/>
            </EntityType>
            <EntityType Name="TopCoursesType">
                <Key>
                    <PropertyRef Name="COURSE_TYPE"/>
                </Key>
                <Property Name="COURSE_TYPE" Type="Edm.String" Nullable="false" MaxLength="2"/>
                <Property Name="COURSE_NAME" Type="Edm.String" MaxLength="30"/>
                <Property Name="COURSE_ENROLLMENTS" Type="Edm.Int32"/>
            </EntityType>
            <EntityType Name="TeachingRatiosType">
                <Key>
                    <PropertyRef Name="TEACHING_YEAR"/>
                </Key>
                <Property Name="TEACHING_YEAR" Type="Edm.String" Nullable="false" MaxLength="4"/>
                <Property Name="ADMIN_STAFF" Type="Edm.Int32"/>
                <Property Name="TEACHING_STAFF" Type="Edm.Int32"/>
            </EntityType>
            <EntityType Name="CompletionRatesType">
                <Key>
                    <PropertyRef Name="MY_KEY"/>
                </Key>
                <Property Name="YEAR" Type="Edm.String" MaxLength="4"/>
                <Property Name="FACULTY_ID" Type="Edm.String" MaxLength="2"/>
                <Property Name="NAME" Type="Edm.String" MaxLength="30"/>
                <Property Name="RATE" Type="Edm.Int32"/>
                <Property Name="MY_KEY" Type="Edm.String" Nullable="false" MaxLength="2"/>
                <Property Name="YEAR_AVERAGE" Type="Edm.Int32"/>
                <Property Name="YEAR_AVG_COMP" Type="Edm.Int32"/>
            </EntityType>
            <EntityType Name="CourseRevenuesType">
                <Key>
                    <PropertyRef Name="RECORD_ID"/>
                </Key>
                <Property Name="RECORD_ID" Type="Edm.String" Nullable="false" MaxLength="2"/>
                <Property Name="COURSE_ID" Type="Edm.String" MaxLength="2"/>
                <Property Name="NAME" Type="Edm.String" MaxLength="30"/>
                <Property Name="REVENUE" Type="Edm.Int32"/>
                <Property Name="TOTAL_REVENUE" Type="Edm.Int32"/>
                <Property Name="TARGET_REVENUE" Type="Edm.Int32"/>
            </EntityType>
            <EntityContainer Name="services" m:IsDefaultEntityContainer="true">
                <EntitySet Name="Enrollments" EntityType="sap.hana.rmit.services.EnrollmentsType"/>
                <EntitySet Name="TopCourses" EntityType="sap.hana.rmit.services.TopCoursesType"/>
                <EntitySet Name="TeachingRatios" EntityType="sap.hana.rmit.services.TeachingRatiosType"/>
                <EntitySet Name="CompletionRates" EntityType="sap.hana.rmit.services.CompletionRatesType"/>
                <EntitySet Name="CourseRevenues" EntityType="sap.hana.rmit.services.CourseRevenuesType"/>
            </EntityContainer>
        </Schema>
    </edmx:DataServices>
</edmx:Edmx>